id,name,location,address,email,phone,created_time,modified_time
1,Daniels-Wilson,Lake Jenniferfurt,"68954 Sandra Avenue Apt. 789
Port Richardside, SD 70552",robertarnold@example.net,001-726-831-6321x5530,2023-06-08 05:01:22,2024-06-07 01:05:58
2,"Morales, Jackson and Miller",West Tarabury,"684 Chloe Extensions
East Raymond, SC 95458",gmathis@example.org,+1-862-353-9135x122,2021-07-29 09:09:38,2021-05-01 07:41:50
3,Fernandez-Willis,New Bettyside,"305 Debra Forge
New Vanessaton, AZ 67945",aryan@example.com,001-271-796-6331x872,2022-06-17 00:05:04,2022-08-05 03:53:07
4,"Collins, Glover and Hall",Hillborough,"7614 Jose Fall
Nancyfort, GU 67148",batescody@example.com,380.326.1921,2022-10-02 09:57:20,2024-08-08 07:01:02
5,"Thomas, Page and Washington",Smithport,"450 Madison Bridge Suite 737
Aaronmouth, PW 48495",garyporter@example.com,279.902.8978x6367,2021-02-22 21:11:08,2023-08-21 04:51:00
6,Knight-Miller,Port Sonya,"4483 Hunter Pines
Smithside, AL 24274",fhorton@example.net,+1-610-211-7597x3058,2024-01-09 21:18:33,2022-02-15 05:21:44
7,"Murphy, Gordon and Norton",Nguyenstad,"55593 Ryan Flats Apt. 888
Reneetown, HI 90226",rsantiago@example.org,001-599-324-7643,2023-03-07 05:03:41,2023-10-28 08:54:27
8,"Maxwell, Adkins and Allison",Leeton,"178 Jackson Inlet
Webbfort, PW 22978",connor72@example.net,(470)320-8965x8936,2021-05-21 05:33:01,2024-10-08 15:09:26
9,"Butler, Williams and Hernandez",Dylanville,"2228 Aaron Lights
Joelville, FM 09546",gbailey@example.com,755.484.4436x039,2022-04-12 02:31:49,2020-07-20 17:40:04
10,Robinson-Krueger,Cynthiaborough,"5770 James Way Apt. 553
South Kathleen, GU 26905",michaelbrown@example.net,001-953-689-5183,2022-01-04 02:44:08,2022-11-09 02:15:51
11,Jacobson-Mclaughlin,Davidborough,"USS Schmidt
FPO AE 66790",hannahperry@example.org,908-552-8077,2025-01-14 19:33:59,2023-02-06 11:04:31
12,Rodriguez-Lowery,New Elizabethport,"6188 Ballard Pike Apt. 440
Whitemouth, AZ 89164",sevans@example.org,001-910-247-4027x05727,2024-05-17 10:27:21,2022-11-10 20:23:15
13,"Miller, Gonzales and Buchanan",West Jeremiahville,"74193 Gloria Drive
Christopherfurt, CA 60952",jordanpatricia@example.com,534-744-3288x5186,2024-12-09 11:40:14,2021-01-14 20:13:06
14,Lewis PLC,South Jonathanchester,"2506 Buckley Village Suite 750
Debbiechester, MI 57919",jenniferford@example.org,(346)871-4992x18443,2023-11-06 12:44:49,2024-02-12 04:45:35
15,Lloyd-Elliott,West Katherine,"74022 Shannon Crossroad Suite 068
Smithview, SD 03900",foleyamanda@example.org,7646422167,2020-06-08 23:43:28,2020-06-17 19:58:08
16,Peters-Matthews,Mauriceburgh,"29951 Mark Meadows Suite 553
Susanshire, ME 41302",xkelly@example.org,(496)556-1467x2479,2023-01-05 04:05:06,2020-10-30 18:54:09
17,"Shelton, Valdez and Curtis",Kerrmouth,"USNV Mosley
FPO AE 90473",carlosbeasley@example.org,+1-491-858-6738x118,2022-12-31 13:15:39,2023-11-25 15:59:32
18,Mason-Wilson,West Alexandraside,"9203 Billy Walks Apt. 996
Port Maryton, OK 88838",lisaking@example.org,+1-227-378-6834x10859,2020-05-01 04:26:57,2020-01-15 20:14:25
19,"Boyd, Solomon and Jackson",New Michaelmouth,"4021 Ellis Trail
East Andrewchester, ND 10684",rita45@example.com,382.303.6321x464,2023-03-30 04:56:25,2024-05-14 07:01:13
20,Johnson Inc,Melaniebury,"1743 Kennedy Port
Bradyside, OH 81308",morrisjessica@example.net,399-915-6725,2020-01-23 13:02:55,2021-05-24 05:49:26
21,"Vaughn, Reed and Fisher",North Jamesstad,"5318 Victoria Falls Apt. 394
East Anthonyville, CO 81060",alvaradosara@example.org,680-481-0658x7818,2021-07-03 15:12:54,2020-05-15 14:19:45
22,Woodard-Thompson,Port Tiffanychester,"654 Rhodes Keys Apt. 721
Mcmillanburgh, RI 56010",xnguyen@example.com,(775)404-3468x588,2020-01-08 07:42:33,2021-10-11 17:58:04
23,"West, Young and Bridges",Thomasbury,"01385 Burton Inlet
North Wanda, KY 43613",lowerussell@example.org,001-771-808-3840,2021-11-18 12:13:37,2021-01-06 04:37:14
24,Sims-Spencer,East Crystalville,"5271 Edward Turnpike Suite 561
Lake Christinefurt, TX 56185",williamcasey@example.org,001-392-224-9209x3551,2023-10-16 05:42:18,2021-03-16 19:40:53
25,Bennett LLC,North Sarahton,"617 Morgan Plaza
Adamhaven, WA 60533",hardymary@example.com,001-248-362-5928,2021-06-22 18:47:56,2021-07-19 01:06:31
26,Hayes-Sheppard,Leestad,"2560 Jacqueline Expressway Apt. 925
Mortonchester, AR 13403",bruiz@example.net,001-215-958-8908,2024-10-20 05:23:14,2022-08-08 05:02:38
27,Schroeder-Leon,West Michael,"62692 Ferguson Corner Suite 481
Buchananhaven, NV 34522",sharon98@example.com,(961)273-2896,2021-11-01 08:01:26,2020-11-17 11:53:02
28,Hill LLC,Allenfort,"370 Jennifer Dale Suite 165
West Jodi, NH 47389",xelliott@example.org,615-869-7558x172,2023-02-10 23:29:15,2023-11-18 05:17:16
29,"Thomas, Russell and Wiley",Jimmyland,"1781 Hess Camp
North Hannah, CA 17740",bgarcia@example.org,300.885.8133,2022-10-07 05:16:06,2023-09-04 09:41:25
30,Hicks LLC,New George,"1201 Zachary Turnpike Apt. 241
West Judith, RI 43009",jacob04@example.net,544.743.0967x47850,2020-08-08 17:08:28,2024-12-16 01:59:13
31,"Shepard, Burns and Rodriguez",Martinton,"7790 Hale Hollow
Tammiemouth, NV 43201",josepierce@example.org,870-274-4981x691,2023-10-15 15:21:58,2021-02-25 17:25:32
32,Miller Ltd,North Jonathanbury,"72399 Rodney Rapid
Ashleychester, WV 14711",kramerjennifer@example.com,(384)823-6590,2021-03-01 13:49:54,2025-02-26 01:53:49
33,Phillips Ltd,North Alexa,"532 Lamb Stream
Jamiemouth, NE 48369",wagnerjesse@example.net,916.686.9683x14469,2021-12-04 06:23:57,2021-12-28 03:46:37
34,Smith and Sons,East Michelle,"26118 Hayes Villages Suite 118
West Christina, AR 02638",courtneymorgan@example.net,9687062220,2022-10-19 17:16:14,2021-05-03 05:07:06
35,Castaneda Group,North Laura,"4667 Smith Extension Apt. 220
Marymouth, OH 84725",jonathongardner@example.net,(286)838-5538,2020-08-06 00:14:05,2024-04-06 02:47:40
36,Brewer and Sons,Ortegaland,"8344 Kevin Hollow Suite 542
Timothyville, ND 95837",raymondclarke@example.net,001-601-755-9357x2092,2024-02-26 11:07:28,2020-01-30 10:15:05
37,Hamilton Inc,Bushmouth,"143 Reid Keys Suite 834
Port Virginia, DC 76812",elowe@example.org,(249)253-9767x305,2024-08-19 21:27:11,2022-11-13 02:02:51
38,Weaver Inc,South Thomas,"6703 Nicholas Plains
West Christopher, VA 99892",wharris@example.com,894-432-4300,2022-02-04 12:10:36,2023-01-13 18:57:38
39,Watson-Ellis,Jacksonside,"374 Michael Gateway
Madisonchester, MP 92048",huffmananthony@example.com,(846)435-0495,2024-09-13 10:00:39,2023-03-14 04:26:36
40,"Mccoy, Alvarez and Holland",Christopherside,"50293 Conner View
Jeremyville, CA 80850",marklee@example.net,3104474491,2020-05-04 04:35:58,2024-03-28 07:41:31
41,Edwards Ltd,Berryville,"45772 Ray Mills Apt. 989
New Anthonyside, LA 63058",lisabrown@example.net,(454)210-4251,2021-09-20 17:35:20,2023-12-14 17:28:02
42,Molina and Sons,Weaverport,"PSC 1769, Box 1777
APO AA 27339",rebecca59@example.org,451-835-5488,2024-12-03 02:07:34,2021-05-25 01:03:40
43,Hines-Vincent,West Tonyamouth,"7495 Jones Flat
Jonathanfurt, WA 10466",murphyandrew@example.com,001-888-831-7422x04987,2021-05-16 20:42:16,2020-08-09 19:53:21
44,Arnold and Sons,Kaneton,"395 Black Union Suite 620
West Thomasland, MA 30710",iolsen@example.net,517.395.0050,2020-05-11 23:56:41,2023-03-16 13:06:18
45,Johnson Ltd,New Mary,"993 Donna Manors Apt. 110
New Tyler, MP 09962",racheljackson@example.org,903.885.2153,2023-06-25 05:49:20,2021-07-13 20:16:43
46,"Haynes, Williams and Allen",Hillhaven,"33703 Charlene Centers Suite 680
Johnburgh, CT 33124",guerrerobrenda@example.org,(758)598-9978x18981,2024-08-10 05:40:55,2025-02-18 06:08:41
47,Sharp PLC,Lake Donaldfurt,"414 Diaz Throughway
Evansfort, KS 11746",lallen@example.net,348.986.0988x47332,2020-08-03 14:02:39,2023-04-09 20:09:21
48,Jackson-Franklin,Ericamouth,"542 Angela Summit
Port Marcusfort, UT 35911",qwilliamson@example.org,682-444-3607,2021-05-10 22:54:31,2024-09-13 14:21:44
49,Hansen PLC,West Mark,"947 Gonzalez Club Suite 396
Timothyton, NC 23963",leenicole@example.org,696-212-5940x511,2024-11-06 18:50:45,2024-04-09 23:39:22
50,Fowler Group,New Andrewstad,"Unit 7722 Box 0142
DPO AE 39198",afuller@example.net,7357463438,2022-01-27 20:51:29,2021-06-01 07:15:23
