id,name,address,phone,email,created_at,modified_at
1,Rebecca Ortiz,"557 Nash Causeway, Hannahmouth, NM 58708",(880)800-6187x1352,sparker@example.com,2023-12-04 16:14:24,2024-10-15 16:14:24
2,Amanda Romero,"35796 Justin Camp Apt. 957, Andrewsport, DC 43646",(259)822-1711x338,jennifer82@example.com,2024-07-29 17:35:03,2025-04-22 17:35:03
3,Brandon Chandler,"51181 Rose Cape, New Robertmouth, MA 41552",+1-976-674-1749x8484,michaelsmith@example.net,2024-11-25 21:35:09,2025-03-01 21:35:09
4,Barbara Carlson,"369 Reynolds Road Suite 046, Hallport, PW 47125",289.995.7381,eric10@example.com,2024-03-25 14:52:50,2025-01-28 14:52:50
5,Adrian Garcia,"360 Alicia Spurs, Lake Misty, ID 89863",8539401673,glenda52@example.net,2024-12-27 00:33:53,2025-11-06 00:33:53
6,Wesley Montoya,"Unit 5140 Box 4714, DPO AA 07550",001-904-276-9787x4398,curryheidi@example.com,2024-04-26 05:08:54,2024-06-12 05:08:54
7,Erika James,"Unit 3301 Box 7910, DPO AE 29456",9346326244,scottpitts@example.org,2023-11-24 10:22:52,2023-12-14 10:22:52
8,Shannon Petty,"114 Kathleen Isle Suite 883, Christopherside, FM 66434",+1-620-721-4329,zlarsen@example.net,2025-01-05 12:40:08,2025-12-21 12:40:08
9,Larry Morales,"6492 Avery Fork Apt. 283, Lake Charlesmouth, TN 81572",9256018795,nicoleburton@example.org,2024-09-03 09:50:51,2025-01-16 09:50:51
10,Matthew Bennett,"46446 Monica Plaza Suite 221, Bethanyport, CA 97241",837-220-3078x4855,barrythompson@example.org,2023-09-29 23:54:05,2023-10-31 23:54:05
11,Cameron Lewis,"9370 Anthony Fork Suite 588, Emilyfurt, MN 39347",391-568-2477x354,ycarey@example.org,2025-01-23 02:28:30,2025-03-07 02:28:30
12,Kathryn Morgan,"82550 Nancy Streets Suite 213, West Christinaland, AR 16509",(534)600-8651x346,robertsonsteven@example.org,2023-05-25 08:09:15,2023-11-07 08:09:15
13,Martin Montes,"4882 James Ranch, Lake Michaelfort, NY 35051",504-928-7300x02622,joseph27@example.org,2023-05-19 13:44:53,2023-11-19 13:44:53
14,Karen Higgins,"46718 Stephanie Vista Suite 708, South Aaron, UT 75548",410-433-5382x54857,katherine95@example.com,2023-09-18 13:35:26,2024-07-05 13:35:26
15,Matthew Gonzales,"274 Elijah Cliff, New Ashley, IA 75675",+1-868-424-4546x197,samuelharris@example.com,2023-03-04 08:57:05,2024-02-24 08:57:05
16,Michelle Nelson,"7087 Alvarez Lane Suite 662, Johnsonport, LA 11950",+1-758-289-6674,robertmartinez@example.org,2024-04-23 20:53:19,2024-08-31 20:53:19
17,Gary Burton,"82236 Robert Hollow Apt. 915, Williamshaven, VT 71145",001-707-786-3433x8351,katiele@example.net,2024-01-03 09:18:18,2024-10-01 09:18:18
18,Joseph Huber,"78568 Tammy Mill, Carrieberg, ME 41220",4998840218,smithkayla@example.org,2023-11-15 01:30:08,2024-06-28 01:30:08
19,Christina Rosales,"8184 Morris Path, Lake Nicholas, MS 83529",001-436-416-8327x3744,brianrobbins@example.org,2024-12-04 18:31:07,2025-05-23 18:31:07
20,Matthew Bray,"6078 Craig Inlet Apt. 148, Port Jennifermouth, PR 89588",646-577-7117x52154,doughertyariana@example.org,2024-05-15 02:28:01,2024-10-29 02:28:01
21,Laura Daniel,"Unit 9372 Box 8004, DPO AA 44928",001-496-364-9832,jadesantos@example.org,2024-01-07 08:41:08,2024-08-26 08:41:08
22,Beverly Thornton,"75952 Martin Port, Robinsonbury, DE 44267",(757)299-8525x88759,matthew70@example.com,2024-06-14 19:39:45,2024-12-04 19:39:45
23,Jeffrey Mitchell,"043 Frank Islands Apt. 374, South Craig, NY 59126",953.803.3102,xcampbell@example.org,2024-12-27 08:19:27,2025-11-06 08:19:27
24,Richard Giles,"717 Morgan Port, Elizabethport, AS 06668",001-677-889-5831,christopherhall@example.org,2024-03-09 12:28:42,2025-02-22 12:28:42
25,Heather Ortega,"869 Watson Parks Apt. 724, Denniston, WV 34394",(892)318-2067x952,penadawn@example.net,2023-06-02 19:25:54,2023-10-25 19:25:54
26,Joseph Mcguire,"988 Tina Stream Suite 056, Johnsonland, VA 32847",570-522-5569x367,nichole12@example.net,2024-01-24 08:39:11,2024-02-11 08:39:11
27,Mark Lewis,"52217 Stephanie Parkways, Annaland, MA 83598",+1-303-749-8725x542,matthew96@example.org,2024-10-30 13:49:41,2025-06-17 13:49:41
28,Lonnie Roberts,"604 Gonzalez Hills, North Anthonyland, CT 84346",+1-370-926-1742x240,dylanaguirre@example.net,2024-12-14 01:21:37,2025-09-17 01:21:37
29,Brian Perez,"3299 Troy Brook Apt. 676, North Daniel, PW 67744",001-588-569-5505x22137,erodriguez@example.net,2023-09-28 20:25:00,2024-02-22 20:25:00
30,Sara Lane,"412 Gordon Villages, Ruizville, ME 42073",399-393-9221,heather98@example.com,2024-11-17 12:03:57,2025-07-18 12:03:57
31,William Weeks,"64190 Dawn Plaza Apt. 988, West Deborahside, WI 71736",808.425.3929x3772,twalker@example.org,2024-04-06 09:19:43,2024-11-26 09:19:43
32,Karen Petersen,"19539 Patricia Walk Suite 424, Port Andrew, AZ 06630",993.385.8937,dsavage@example.org,2024-01-23 16:39:54,2024-05-19 16:39:54
33,Joseph Sanders,"13260 Ibarra Springs, North Jeffreyburgh, NE 39369",001-793-681-7494,erikbarajas@example.org,2024-11-10 00:07:46,2025-08-14 00:07:46
34,Kelsey Williams,"99163 Douglas Gateway, Ryanbury, AZ 44254",+1-535-454-6644,camposryan@example.com,2024-08-17 09:25:27,2025-06-26 09:25:27
35,Tammy Coleman,"45281 Jasmine Ferry Suite 547, Michaelland, ID 54845",(421)828-5790,ismith@example.net,2024-01-02 00:31:06,2024-02-02 00:31:06
36,Rachel Reynolds,"Unit 8524 Box 9666, DPO AA 42400",001-974-738-0653x06560,zacharyburton@example.com,2024-03-25 09:51:08,2024-05-20 09:51:08
37,Daniel Terry,"47626 Julie Crest, Fletchershire, UT 27084",252.306.1824,hughesjames@example.com,2025-02-28 01:38:02,2025-06-17 01:38:02
38,Jared Miller,"68780 French Dale, Johnberg, NE 20126",283-397-8707,brittanycruz@example.net,2023-08-30 04:34:28,2024-04-18 04:34:28
39,Matthew Murphy,"Unit 3842 Box 2595, DPO AP 74849",318.391.3578x29849,howens@example.net,2024-04-10 01:30:48,2024-07-03 01:30:48
40,Elizabeth Carter,"USCGC Fisher, FPO AP 31758",845-212-9440x6679,donnacampbell@example.net,2024-08-27 16:52:05,2025-08-16 16:52:05
41,Ryan Moreno,"8828 Linda View Apt. 123, Rebeccashire, KS 07429",+1-953-678-7597x95166,martinezpaul@example.net,2023-08-16 07:45:15,2024-01-03 07:45:15
42,Scott Thompson,"169 Robert Turnpike, Port Richard, NC 37516",950.482.9339x8939,smithfrank@example.com,2024-03-29 17:36:02,2024-10-11 17:36:02
43,Melissa Olson,"463 Michael Cliff Suite 383, West Justin, MN 50857",5559564524,nicholas65@example.com,2023-05-02 11:41:01,2023-07-23 11:41:01
44,Caitlyn Lee,"90779 Russell Crossroad, Johnmouth, AK 70675",556-441-2670x713,paullynch@example.net,2023-11-23 18:41:55,2024-05-14 18:41:55
45,Gabriela Snyder,"6742 Mcconnell Junctions, Samanthashire, FM 35067",001-409-301-6288,isabelkirby@example.net,2023-07-19 11:46:31,2024-07-07 11:46:31
46,Michelle Long,"49538 Sonya Station Apt. 282, Crystalport, IN 88918",2189266350,martinpatrick@example.org,2023-06-21 07:14:05,2023-10-17 07:14:05
47,Julia Howe,"03878 Richard Flat Suite 355, Taylorburgh, PW 01722",(749)613-2647,virginia83@example.net,2023-11-06 00:46:01,2024-01-15 00:46:01
48,Tiffany Perez,"45064 Jeffrey Mill Apt. 253, Laurenville, MD 65727",(941)902-7254,hintonleah@example.com,2024-03-09 21:36:25,2024-10-18 21:36:25
49,Sara Hogan,"6937 Chelsea Plains Apt. 499, Cortezstad, NM 88387",+1-327-964-0017x61188,brianna97@example.org,2025-01-31 00:26:31,2025-10-24 00:26:31
50,Kristy Allen,"98097 Bradley Turnpike Suite 236, Nelsonshire, AK 69604",001-328-723-7535x59882,dakotamadden@example.net,2024-09-19 17:01:59,2025-07-21 17:01:59
51,Joseph Robinson,"896 Elizabeth Ferry Apt. 890, West Dustinmouth, AR 17042",250.596.3730x504,tgray@example.net,2023-07-17 05:07:20,2024-03-09 05:07:20
52,Tim Stanton,"89166 Haley Station Suite 902, East Cherylberg, ND 87355",(982)225-7394x278,rhouston@example.com,2023-04-14 14:16:39,2024-01-26 14:16:39
53,George Pitts,"616 Robinson Village, Jaredland, SC 94941",001-659-233-0824,stephengross@example.com,2023-07-23 05:39:44,2023-10-04 05:39:44
54,David Cline,"1905 Moore Course, Port Heather, VA 82334",463.469.6772,shericraig@example.net,2023-04-23 08:36:28,2023-06-04 08:36:28
55,Robin Brown,"586 Lee Avenue Apt. 913, East Stephaniebury, AL 48637",981-554-9424x487,gonzalezkevin@example.org,2024-07-12 03:18:31,2024-07-15 03:18:31
56,Michael Snyder,"244 Cook Freeway, South Johnmouth, PR 55509",8604562374,ocurtis@example.com,2024-01-27 09:17:57,2024-11-10 09:17:57
57,Candice Coffey,"890 Dominic Ports Apt. 021, Mccormickport, TX 57789",+1-947-694-5835x409,thomas33@example.org,2023-04-27 15:11:46,2023-12-21 15:11:46
58,Mark Ruiz,"4588 Mays Meadows Suite 105, East Thomastown, MO 60283",430-844-2920,kevinwilliams@example.com,2023-05-28 21:14:18,2023-07-06 21:14:18
59,Emily Curry,"5144 Alvin Rapid Suite 233, Lake Brandon, SC 99083",(882)222-8696,kallen@example.org,2024-01-29 06:49:23,2025-01-17 06:49:23
60,Linda Rodriguez,"4942 Rubio Gateway, New Melissaport, VA 59360",(322)259-4983,phillipsbetty@example.org,2023-05-04 21:43:48,2023-11-03 21:43:48
61,Brian Schroeder,"2528 Collins Pike, Port Selena, WV 29579",617.551.7335x756,markpearson@example.net,2023-11-13 12:11:22,2024-01-07 12:11:22
62,Stephen Tran,"977 Collier Fields, Jamesside, NE 88833",976-953-2711x862,beverlywolfe@example.org,2024-07-04 08:58:54,2025-05-25 08:58:54
63,Chelsea Lopez,"550 Cobb Prairie Apt. 353, North Claireberg, NM 17808",380-304-6219,msloan@example.net,2024-04-22 19:43:30,2025-02-18 19:43:30
64,James Medina,"4288 Simmons Village, West Rebeccafurt, VT 59189",+1-472-542-3656x632,gutierrezspencer@example.com,2024-01-14 07:18:36,2024-08-17 07:18:36
65,Ann Golden,"Unit 4883 Box 2681, DPO AA 51014",887-993-9933x033,jonathankirby@example.net,2023-06-05 07:44:21,2023-06-25 07:44:21
66,Katie Webster,"351 Rachel Path Apt. 024, Port Chad, NE 53868",(618)584-7657,rebeccamartinez@example.org,2024-07-25 06:48:58,2024-11-30 06:48:58
67,Dennis Thornton,"USS Porter, FPO AE 49792",970.831.6462x6355,pamela21@example.com,2024-07-13 05:24:43,2024-12-21 05:24:43
68,Amber Roach,"011 Schwartz Tunnel Suite 330, Ericafurt, HI 87813",001-943-309-1205,vanessa34@example.net,2024-03-31 15:55:42,2024-09-26 15:55:42
69,Christopher Reid,"5738 Chase Terrace Suite 025, Moralesfort, IN 83436",834-489-4513x4090,xbryant@example.org,2024-08-03 10:43:28,2025-01-05 10:43:28
70,Tina Warren,"USNV Parker, FPO AP 65948",+1-832-882-7983x09862,sandra63@example.org,2024-06-21 18:16:46,2024-06-27 18:16:46
71,Meghan Yang,"043 Christopher Cliffs, Garciafurt, RI 23355",608-883-9843x652,pbrown@example.net,2024-01-07 05:08:23,2024-12-04 05:08:23
72,Christopher Roberts,"PSC 7405, Box 6224, APO AP 23076",001-710-548-4549x4710,nbutler@example.net,2023-07-11 05:19:08,2023-07-18 05:19:08
73,Rebecca Flores,"877 Wallace Circle, Robertsfort, SD 83640",(250)543-6283x74655,edaniels@example.net,2025-02-16 01:56:49,2025-03-19 01:56:49
74,Andrea Ochoa,"76369 Samantha Highway, South Kevinview, MH 11333",(585)839-8503,smithdonna@example.net,2024-06-24 20:24:58,2024-09-25 20:24:58
75,Jennifer Howard,"85584 Robinson Gateway Apt. 445, Francoside, IA 05061",372.298.8889,bennettamber@example.net,2023-11-28 22:51:30,2024-10-30 22:51:30
76,David Wilson,"68855 Turner Common, Lake Duane, NH 74377",3048814683,xreed@example.net,2024-08-25 16:25:48,2025-01-11 16:25:48
77,Kendra Jefferson,"950 Cline Passage, East Jamesville, MP 11088",253.851.0661,brianwhite@example.org,2024-03-01 14:14:08,2024-12-23 14:14:08
78,Taylor Holden,"958 Collin Field Suite 903, South James, DC 42536",945.635.6358,geraldgonzales@example.org,2023-09-21 16:31:52,2024-02-27 16:31:52
79,James Smith,"0610 Kimberly Meadows Suite 173, Rosemouth, FM 28820",281.580.9443x4897,lunasteven@example.com,2023-03-25 12:50:58,2023-04-21 12:50:58
80,Tracy Lane,"464 Merritt Lakes, North Traci, NJ 03620",001-503-603-0123x4556,amanda77@example.org,2024-11-20 23:22:17,2025-11-11 23:22:17
81,Christopher Montgomery,"53663 Brown Village Suite 481, Port Carrieport, MS 83608",(341)537-1720x852,burnsdeborah@example.net,2024-11-20 04:46:04,2025-05-21 04:46:04
82,Lisa Underwood,"1107 Sabrina Trail Suite 871, Turnerland, KY 88870",253.980.5694x451,tiffany07@example.net,2023-10-30 10:17:01,2024-05-12 10:17:01
83,Heather Foley,"7202 Rocha Vista, Rogersmouth, RI 18913",2297568684,panderson@example.net,2024-07-09 15:43:10,2024-08-09 15:43:10
84,Erica Hunter,"066 Jasmin Harbors Apt. 006, Michaelland, OK 68634",(961)923-6805x81055,amyholt@example.com,2024-03-12 12:31:27,2024-04-02 12:31:27
85,Melissa Rivera DDS,"79897 Abbott Knoll, South Mary, IN 34489",924-985-3669x66865,hancockandrea@example.com,2025-02-14 05:24:51,2025-12-23 05:24:51
86,Joseph Johnson,"314 Roth Branch Suite 125, Christyfort, WY 59464",(255)461-1001,johnsonkimberly@example.org,2023-10-25 03:14:57,2023-11-03 03:14:57
87,Eric Mcdaniel,"50840 Williams Circle Suite 041, Leahmouth, MA 79271",+1-990-412-7255,williamperez@example.net,2024-09-16 11:46:37,2025-05-28 11:46:37
88,Lauren Butler,"762 Smith Ferry Suite 948, Jonesfort, ME 96480",001-644-940-4846x94042,johnsonsteven@example.net,2023-09-23 10:50:25,2023-10-21 10:50:25
89,Courtney Baker,"3290 Wiley Pass Apt. 135, South Michelleville, MN 01088",868.874.9288,wferrell@example.org,2025-02-10 22:27:10,2025-10-15 22:27:10
90,Hector Juarez,"367 Christopher Pass, East Brittany, WV 98998",353-265-6245x05681,garywatson@example.org,2024-07-19 16:49:06,2025-02-28 16:49:06
91,Lauren Lopez,"7293 Stacey Extensions Suite 981, Annastad, UT 19246",258-611-7572,lbarron@example.com,2024-08-18 00:50:55,2024-12-03 00:50:55
92,Shannon Maldonado,"1185 Miller Stravenue Apt. 292, North Heatherton, TX 60152",(726)377-1725,mariabass@example.org,2024-05-23 10:22:23,2025-01-18 10:22:23
93,Jordan Garcia,"41115 Tracy Route Apt. 299, North William, WA 16634",+1-998-797-4884x9555,griffithwilliam@example.com,2024-07-10 15:21:00,2025-05-07 15:21:00
94,Brianna Wilson,"55819 Williams Loaf, West Sarah, MO 07570",+1-460-666-9172x5085,ecrawford@example.com,2024-08-08 18:21:46,2024-08-22 18:21:46
95,Susan Peters,"96542 Daniel Drive Suite 474, Port Curtis, IN 12601",579-374-0406,davidrichardson@example.org,2024-04-03 04:07:40,2024-09-28 04:07:40
96,Rebecca Dawson,"799 Carrie Place Apt. 925, Ericshire, UT 50720",375-743-7354,juliankennedy@example.com,2024-08-08 12:07:40,2025-07-28 12:07:40
97,Luis Edwards,"70322 Miller Hollow Suite 031, South Erinstad, MT 53284",001-557-864-6776x2890,mercedes87@example.net,2024-03-25 14:25:43,2024-11-15 14:25:43
98,Molly Sellers PhD,"24112 Tony Key, East Phillip, WI 53586",895-534-8920,kenneth53@example.org,2024-03-16 15:36:27,2024-05-24 15:36:27
99,Vincent Collins,"3885 William Haven, Courtneybury, WI 55660",498.406.6145,nguyenbrittney@example.com,2024-05-14 14:24:12,2025-03-29 14:24:12
100,Karen Smith,"78829 Edgar Roads Suite 786, Anthonymouth, OR 68617",(406)876-2798x375,larascott@example.org,2024-01-25 13:57:03,2024-06-29 13:57:03
